Pass	Result	Profit	Expected Payoff	Profit Factor	Recovery Factor	Sharpe Ratio	Custom	Equity DD %	Trades	Inp_Invalidation_Mode	Inp_Confirmation_Strategy	Inp_Confirmation_Timeout	Inp_PriceConfirmation_Enabled	Inp_Placement_ATR_Period	Inp_Placement_ATR_Multiplier	Inp_Placement_Percent_Value	Inp_SL_ATR_Period	Inp_SL_ATR_Multiplier	Inp_Trailing_ATR_Period	Inp_Trailing_ATR_Multiplier	Inp_RR_Ratio	Inp_PartialClosePercent	Inp_Pullback_StopBuffer_Points	Inp_BE_Buffer_Points	Inp_Trailing_MinChange_Points	Inp_BoundaryDetectionMode	Inp_IchimokuFilter_Enabled	Inp_AdaptiveEntry_Enabled	Inp_AdaptiveMode	Inp_IchimokuMode	Inp_MinCandleBodyRatio	Inp_ExplosiveCandleBodyRatio	Inp_MA_Fast_Period	Inp_MA_Slow_Period	Inp_Market_RR_Ratio	Inp_Market_PartialClosePercent	Inp_Market_BE_Buffer_Points	Inp_AdaptiveSL_Enabled	InpRange1_Enabled	InpRange1_Placement_Mode	InpRange1_SL_Strategy	InpRange1_SL_Calc_Mode	InpRange1_Trailing_Mode	InpRange1_Cleanup_Hours	InpRange1_QualityFilter	InpRange2_Enabled	InpRange2_Execution_Timeframe	InpRange2_TrendFilter_Timeframe	InpRange2_Placement_Mode	InpRange2_SL_Strategy	InpRange2_SL_Calc_Mode	InpRange2_Trailing_Mode	InpRange2_Cleanup_Hours	InpRange2_QualityFilter	InpRange3_Enabled	InpRange3_Execution_Timeframe	InpRange3_TrendFilter_Timeframe	InpRange3_Placement_Mode	InpRange3_SL_Strategy	InpRange3_SL_Calc_Mode	InpRange3_Trailing_Mode	InpRange3_Cleanup_Hours	InpRange3_QualityFilter	InpRange4_Enabled	InpRange4_Execution_Timeframe	InpRange4_TrendFilter_Timeframe	InpRange4_Placement_Mode	InpRange4_SL_Strategy	InpRange4_SL_Calc_Mode	InpRange4_Trailing_Mode	InpRange4_Cleanup_Hours	InpRange4_QualityFilter	Column1
18658	1204558.87	1199558.87	1751.18083	1.72233	2.06693	2.14108	417	47.11	685	1	0	11	true	140	1.5	1.84	51	0.5	35	1.5	1.8	38	40	15	41	1	true	true	0	0	0.5	0.8	28	20	3	46	7	true	true	1	1	1	0	18	0	true	2	15	1	1	1	0	23	0	true	3	5	0	1	1	1	10	1	true	5	4	1	0	1	0	10	1	FALSE
18144	1195800.02	1190800.02	1738.39419	1.71912	2.06231	2.12929	417	46.90	685	1	0	11	true	124	1.5	1.84	54	0.5	20	1.5	1.8	38	40	15	41	1	true	true	0	0	0.5	0.8	28	20	3	46	4	true	true	1	1	1	0	18	0	true	2	15	1	1	1	1	23	0	true	3	5	0	1	1	1	10	1	true	5	4	1	0	1	0	10	1	FALSE
20204	1194880.74	1189880.74	1742.13871	1.68520	1.96178	2.23097	416	47.10	683	1	0	11	true	156	1.4	1.33	54	1.2	35	1.5	1.7	40	40	15	41	1	true	true	0	0	0.5	0.8	28	20	2.9	46	7	true	true	1	1	1	0	15	0	true	2	15	1	1	1	1	18	0	true	3	5	0	1	1	1	10	1	true	5	4	1	0	1	0	10	1	TRUE
20073	1174943.42	1169943.42	1717.97859	1.69125	1.97928	2.22330	416	47.14	681	1	0	11	true	156	1.5	1.33	51	1.2	21	1.5	1.7	38	40	15	41	1	true	true	0	0	0.5	0.8	28	20	3	46	7	true	true	1	1	1	0	15	0	true	2	15	1	1	1	1	18	0	true	3	5	0	1	1	1	10	1	true	5	4	1	0	1	0	10	1	TRUE
20134	1172024.72	1167024.72	1713.69269	1.69204	1.98498	2.22432	416	47.07	681	1	0	11	true	137	1.5	1.36	51	1.2	21	1.5	1.7	38	40	15	41	1	true	true	0	0	0.5	0.8	28	20	2.9	46	7	true	true	1	1	1	0	15	0	true	2	15	1	1	1	1	18	0	true	3	5	0	1	1	1	10	1	true	5	4	1	0	1	0	10	1	TRUE
19653	1163483.64	1158483.64	1698.65636	1.69091	1.97900	2.21928	416	47.15	682	1	0	11	true	156	1.5	1.33	54	1.2	21	1.5	1.7	38	40	15	41	1	true	true	0	0	0.5	0.8	28	20	3	46	7	true	true	1	1	1	0	18	0	true	2	15	1	1	1	1	18	0	true	3	5	0	1	1	1	10	1	true	5	4	1	0	1	0	10	1	TRUE
19104	1153739.69	1148739.69	1684.36905	1.69118	1.98436	2.21836	416	47.05	682	1	0	11	true	140	1.5	1.36	54	1.2	21	1.5	1.7	40	40	15	41	1	true	true	0	0	0.5	0.8	28	20	3	46	7	true	true	1	1	1	0	18	0	true	2	15	1	1	1	1	18	0	true	3	5	0	1	1	1	10	1	true	5	4	1	0	1	0	10	1	TRUE
18922	1133980.11	1128980.11	1640.95946	1.68519	2.05387	2.21717	417	45.91	688	1	0	11	true	155	1.5	1.33	51	1.2	35	1.5	1.7	40	40	15	41	1	true	true	0	0	0.5	0.8	28	20	3	46	7	true	true	1	1	1	0	18	0	true	2	15	1	1	1	0	23	0	true	3	5	0	1	1	1	10	1	true	5	4	1	0	1	0	11	1	TRUE
18782	1124958.38	1119958.38	1644.57912	1.66943	1.92962	2.20659	416	46.94	681	0	0	11	true	140	1.5	1.33	54	1.2	20	1.5	1.7	40	40	15	41	1	true	true	0	0	0.5	0.8	28	20	3	46	7	true	true	1	1	1	0	18	0	true	2	15	1	1	1	1	18	0	true	3	12	0	1	1	1	10	1	true	5	4	1	0	1	0	10	1	TRUE
17767	1104410.58	1099410.58	1593.34867	1.66373	1.86229	2.19007	417	48.89	690	1	0	11	true	140	1.5	1.33	54	1.2	20	1.5	1.8	40	40	15	41	1	true	true	0	0	0.5	0.8	28	20	3	46	6	true	true	1	1	1	0	23	0	true	2	15	1	1	1	1	23	0	true	3	5	0	1	1	1	10	1	true	5	4	1	0	1	0	11	1	TRUE
16553	1062646.64	1057646.64	1541.75895	1.61870	1.73685	2.16762	417	49.52	686	1	0	11	true	140	1.5	1.33	51	1.2	20	1.4	1.8	40	40	15	41	1	true	true	0	0	0.5	0.8	28	20	3	46	7	true	true	1	1	1	0	23	0	true	2	15	1	1	1	1	23	0	true	3	12	0	1	1	1	10	1	true	5	10	1	0	1	0	11	1	TRUE
19128	961116.37	956116.37	1329.78633	1.53300	1.71234	2.28202	420	48.86	719	1	0	11	true	140	1.5	1.33	54	0.5	21	1.5	1.7	38	40	15	41	1	true	true	0	0	0.5	0.8	28	20	3	46	7	true	true	1	1	0	0	18	0	true	2	15	1	1	1	1	18	0	true	3	5	0	1	1	1	10	1	true	5	4	1	0	1	0	10	1	TRUE
18286	925147.98	920147.98	1272.68047	1.51520	1.70681	2.26604	420	48.03	723	1	0	11	true	156	1.5	1.33	54	0.5	20	1.5	1.7	40	40	15	41	1	true	true	0	0	0.5	0.8	28	20	3	46	7	true	true	1	1	0	0	18	0	true	2	15	1	1	1	1	18	0	true	3	12	0	1	1	1	10	1	true	5	4	1	0	1	0	11	1	TRUE
19193	915976.67	910976.67	1265.24538	1.51479	1.67174	2.26450	420	48.55	720	1	0	11	true	140	1.5	1.36	51	0.5	21	1.5	1.7	40	40	15	41	1	true	true	0	0	0.5	0.8	28	20	3	46	7	true	true	1	1	0	0	18	0	true	2	15	1	1	1	1	18	0	true	3	12	0	1	1	1	10	1	true	5	4	1	0	1	0	10	1	TRUE
15959	696523.08	691523.08	1006.58381	1.61285	1.73543	2.07335	417	49.01	687	1	0	11	true	140	1.5	1.33	51	1.2	32	1.5	1.5	90	40	15	41	1	true	true	0	0	0.5	0.8	28	20	2.9	46	7	true	true	1	1	1	0	23	0	true	2	20	1	1	1	1	23	0	true	3	12	0	1	1	1	10	1	true	5	10	1	0	1	0	11	1	TRUE
19917	627327.64	622327.64	907.18315	1.56781	2.03909	2.06318	417	45.67	686	1	0	11	true	156	1.5	1.36	51	2.1	21	1.5	1.7	38	40	15	41	1	true	true	0	0	0.5	0.8	28	20	3.1	46	7	true	true	1	1	1	0	18	0	true	2	15	1	1	1	1	18	0	true	3	5	0	1	1	1	10	1	true	5	4	1	0	1	0	10	1	TRUE
19673	607771.22	602771.22	684.96730	1.39732	1.68685	2.07997	433	40.63	880	1	0	11	true	140	1.5	1.36	54	0.5	21	1.5	1.7	38	40	15	41	1	true	true	0	0	0.5	0.8	28	20	2.9	46	7	true	true	0	1	1	0	18	0	true	2	15	1	1	1	1	18	0	true	3	5	0	1	1	1	10	1	true	5	4	1	0	1	0	10	1	TRUE
20083	603028.79	598028.79	874.31110	1.55767	1.93996	2.05365	417	46.80	684	1	0	11	true	140	1.5	1.36	54	2	21	1.5	1.7	38	40	15	41	1	true	true	0	0	0.5	0.8	28	20	3.1	46	7	true	true	1	1	1	0	15	0	true	2	15	1	1	1	0	18	0	true	3	5	0	1	1	1	10	1	true	5	4	1	0	1	0	10	1	TRUE
18909	602905.05	597905.05	871.58171	1.54329	1.96088	2.04587	417	45.64	686	1	0	11	true	140	1.5	1.33	51	2.1	21	1.5	1.7	40	40	15	41	1	true	true	0	0	0.5	0.8	28	20	3	46	7	true	true	1	1	1	0	19	0	true	2	15	1	1	1	1	23	0	true	3	12	0	1	1	1	10	1	true	5	4	1	0	1	0	10	1	TRUE
18625	588001.79	583001.79	849.85684	1.54992	1.91968	2.04388	417	46.81	686	1	0	11	true	124	1.5	1.36	54	2	20	1.5	1.7	40	40	15	41	1	true	true	0	0	0.5	0.8	28	20	3	46	7	true	true	1	1	1	0	18	0	true	2	15	1	1	1	0	23	0	true	3	5	0	1	1	1	10	1	true	5	4	1	0	1	0	10	1	TRUE
19505	585563.02	580563.02	655.26300	1.40654	1.57555	2.07221	433	43.58	886	1	0	11	true	156	1.5	1.33	51	0.5	20	1.5	1.7	38	40	15	41	1	true	true	0	0	0.5	0.8	28	20	2.9	46	7	true	true	0	1	1	0	18	0	true	2	15	1	1	1	1	18	0	true	3	5	0	1	1	1	10	1	true	5	4	1	0	1	0	10	1	TRUE
16788	572089.67	567089.67	827.86813	1.50502	1.71248	2.00783	417	48.96	685	0	0	11	true	140	1.5	1.33	51	2.1	20	1.5	1.8	40	40	15	41	1	true	true	0	0	0.5	0.8	28	20	3	46	7	true	true	1	1	1	0	23	0	true	2	15	1	1	1	1	23	0	true	3	12	0	1	1	1	10	1	true	5	10	1	0	1	0	10	1	TRUE
16918	569938.46	564938.46	818.75139	1.50046	1.73388	2.00507	417	48.51	690	1	0	11	true	140	1.5	1.33	51	2.1	35	1.5	1.8	40	40	15	41	1	true	true	0	0	0.5	0.8	28	20	3	46	7	true	true	1	1	1	0	23	0	true	2	15	1	1	1	1	23	0	true	3	12	0	1	1	1	10	1	true	5	10	1	0	1	0	11	1	TRUE
16646	569308.38	564308.38	817.83823	1.50487	1.75585	2.00449	417	48.33	690	1	0	11	true	140	1.5	1.34	51	2.1	20	1.5	1.8	40	40	15	41	1	true	true	0	0	0.4	0.8	28	20	3	46	7	true	true	1	1	1	0	23	0	true	2	15	1	1	1	1	23	0	true	3	12	0	1	1	1	10	1	true	5	10	1	0	1	0	11	1	TRUE
17327	565203.57	560203.57	804.89019	1.53002	1.86801	2.01807	418	46.95	696	1	0	11	true	140	1.5	1.39	54	2	20	1.5	1.7	40	40	15	41	1	true	true	0	0	0.5	0.8	28	20	3	46	7	true	true	1	1	1	0	23	0	true	2	15	1	1	1	1	23	0	true	3	12	0	1	1	1	10	1	true	5	4	1	0	1	0	11	1	TRUE
16432	561709.22	556709.22	804.49309	1.51484	1.85736	2.00641	417	46.90	692	1	0	11	true	140	1.5	1.33	54	2.1	20	1.5	1.7	38	40	15	41	1	true	true	0	0	0.5	0.8	28	20	3	46	7	true	true	1	1	1	0	23	0	true	2	15	1	1	1	1	23	0	true	3	12	0	1	1	1	10	1	true	5	10	1	0	1	0	11	1	TRUE
19657	553603.51	548603.51	643.14597	1.40932	1.65124	2.04273	430	42.54	853	1	0	11	true	121	1.5	1.36	51	0.5	21	1.5	1.7	38	40	15	41	1	true	true	0	0	0.5	0.8	28	20	3	46	7	true	true	0	1	1	0	19	0	true	2	15	1	1	1	1	18	0	true	3	5	0	1	1	1	10	1	true	5	4	1	0	1	0	10	1	TRUE
15344	459551.88	454551.88	544.37351	1.44436	2.11030	2.05632	429	41.03	835	1	0	11	true	140	1.1	1.33	54	0.5	20	1.5	1.8	40	40	15	41	1	true	true	0	0	0.5	0.8	24	20	3	46	7	true	true	0	1	1	0	23	0	true	2	15	1	1	1	1	23	0	true	10	1	1	1	1	1	10	1	true	5	10	1	0	1	0	11	1	TRUE
15913	441342.05	436342.05	497.53940	1.33906	1.32616	1.98924	432	45.05	877	1	0	11	true	140	1.5	1.33	51	0.5	32	1.5	1.8	40	40	15	41	1	true	true	0	0	0.5	0.8	28	20	3	46	7	true	true	0	1	1	0	23	0	true	2	20	1	1	1	1	23	0	true	3	12	0	1	1	1	10	1	true	5	10	1	0	1	0	11	1	TRUE
15723	399611.57	394611.57	422.94916	1.38452	1.69846	2.04639	436	44.03	933	1	0	11	true	140	2.2	1.33	54	0.5	20	1.5	2.3	40	40	15	41	1	true	true	0	0	0.5	0.8	24	20	3	46	7	true	true	0	1	1	0	23	0	true	2	20	1	1	1	1	23	0	true	3	12	0	1	1	1	10	1	true	5	10	1	0	1	0	11	1	TRUE
14945	342774.04	337774.04	481.84599	1.48896	1.81853	2.03475	418	40.56	701	1	0	11	true	140	1.5	1.33	99	0.8	17	1.5	1.8	40	40	15	41	1	true	true	0	0	0.5	0.8	24	20	3	46	7	true	true	0	1	1	1	24	0	true	2	20	1	1	1	1	23	0	true	10	1	1	1	1	1	10	1	true	5	10	1	0	1	0	11	1	TRUE
13405	177905.25	172905.25	250.95102	1.47360	1.87871	1.78299	417	34.41	689	1	0	11	true	124	1.4	1.35	99	0.8	31	1.5	1.8	40	40	15	41	1	true	true	0	0	0.5	0.8	24	20	3	46	7	false	true	0	1	1	1	24	0	true	2	20	1	1	1	1	23	0	true	10	1	1	1	1	1	10	1	true	5	10	1	0	1	0	11	1	TRUE
9247	144319.21	139319.21	227.64577	1.69520	2.36664	5.06132	410	34.86	612	0	0	12	true	195	2.8	0.02	60	0.7	34	2	2.5	18	5	5	50	0	false	false	2	1	0.4	0.7	26	85	4.3	85	6	true	false	1	1	0	1	6	0	true	2	5	1	1	1	1	23	0	true	16385	15	1	1	1	0	8	0	true	20	12	0	1	1	0	9	1	TRUE
8735	144319.21	139319.21	227.64577	1.69520	2.36664	5.06132	410	34.86	612	0	0	12	true	195	2.8	0.02	63	0.7	34	2	2.5	18	5	5	50	0	false	false	2	1	0.4	0.7	26	85	4.3	85	6	true	false	1	1	0	1	6	0	true	2	5	1	1	1	1	23	0	true	16385	15	1	1	1	0	8	0	true	20	12	0	1	1	0	9	1	TRUE
8240	142885.84	137885.84	224.93612	1.69117	2.36595	5.03401	410	34.85	613	0	0	12	true	195	2.8	0.02	63	0.7	34	2	2.5	18	5	5	50	0	false	false	2	1	0.4	0.7	26	85	2.7	55	7	true	false	1	1	0	1	22	0	true	2	5	1	1	1	1	23	0	true	16385	15	1	1	1	0	8	0	true	20	12	0	1	1	0	23	1	TRUE
8367	132872.55	127872.55	215.27365	1.64457	2.02228	4.69737	408	38.91	594	0	0	12	true	195	2.8	0.02	58	0.7	34	2	3.2	10	5	5	50	0	false	false	2	1	0.4	0.7	26	85	4.3	85	6	true	false	1	1	0	1	6	0	true	2	5	1	1	1	1	23	0	true	16385	15	1	1	1	0	8	0	true	20	12	0	1	1	0	9	1	TRUE
8164	132872.55	127872.55	215.27365	1.64457	2.02228	4.69737	408	38.91	594	0	0	12	true	195	2.8	0.02	63	0.7	34	2	3.2	10	5	5	50	0	false	false	2	1	0.4	0.7	26	85	4.3	85	6	true	false	1	1	0	1	6	0	true	2	5	1	1	1	1	23	0	true	16385	15	1	1	1	0	8	0	true	20	12	0	1	1	0	9	1	TRUE
8745	124262.34	119262.34	136.92576	1.38731	2.65075	1.69611	432	26.79	871	1	0	11	true	140	2.7	1.42	54	0.5	20	1.5	1.8	58	35	40	38	1	true	true	0	0	0.5	0.8	12	100	2.9	31	6	true	true	0	0	1	0	21	0	true	2	20	1	1	1	1	23	0	true	10	1	1	1	1	1	10	1	false	16385	20	0	1	0	0	9	1	TRUE
9379	110272.39	105272.39	80.85437	1.49911	3.57690	1.67016	459	28.86	1302	0	0	12	true	195	2.8	0.02	63	0.7	34	2	2.5	18	5	5	50	0	false	false	2	1	0.4	0.7	10	100	2.9	31	6	true	true	0	0	1	0	22	0	true	2	5	1	1	1	1	23	0	true	10	1	1	1	1	0	13	1	true	6	10	1	0	0	0	11	1	TRUE
9117	109440.49	104440.49	80.21543	1.49824	3.57710	1.66605	459	28.84	1302	0	0	12	true	195	2.8	0.02	63	0.7	34	2	2.5	18	5	5	50	0	false	false	2	1	0.4	0.7	10	100	2.9	31	6	true	true	0	0	1	0	22	0	true	2	5	1	1	1	1	23	0	true	10	1	1	1	1	1	17	1	true	6	10	1	0	0	0	11	1	TRUE
9125	108310.15	103310.15	79.22558	1.47363	3.26277	1.61517	459	29.93	1304	0	0	12	true	195	2.8	0.02	63	0.7	34	2	2.5	18	5	5	50	0	false	false	2	1	0.4	0.7	26	20	3	19	7	true	true	0	0	1	0	22	0	true	2	5	1	1	1	1	23	0	true	10	1	1	1	1	1	10	1	true	6	10	1	0	0	0	11	1	TRUE
9043	108310.15	103310.15	79.22558	1.47363	3.26277	1.61517	459	29.93	1304	0	0	12	true	195	2.8	0.02	63	0.7	34	2	2.5	18	5	5	50	0	false	false	2	1	0.4	0.7	26	20	3	31	6	true	true	0	0	1	0	22	0	true	2	5	1	1	1	1	23	0	true	16385	3	1	1	1	1	10	1	true	6	10	1	0	0	0	11	1	TRUE
8605	98040.96	93040.96	124.88720	1.40481	3.59465	5.37086	422	25.58	745	0	0	12	true	107	1.2	0.31	39	0.8	47	1.5	2.6	50	5	35	48	0	false	false	1	0	0.3	0.8	24	85	4.3	85	6	true	false	1	1	0	1	23	0	true	2	5	1	1	1	1	23	0	true	16385	15	1	1	1	0	13	0	true	20	12	0	1	1	0	23	1	TRUE
9369	96294.93	91294.93	97.12227	1.31903	2.20401	1.50148	437	30.31	940	1	0	11	true	140	2.7	1.74	51	0.5	20	1.5	1.8	58	35	40	38	1	true	true	0	0	0.5	0.8	12	100	2.9	31	6	true	true	0	0	1	0	21	0	true	2	20	1	1	1	1	23	0	true	10	1	1	1	1	1	10	1	true	6	10	1	0	0	0	11	1	TRUE
9520	77649.06	72649.06	58.44655	1.39824	2.14223	1.43905	456	38.53	1243	0	0	12	true	195	2.8	0.02	63	0.7	34	2	2.5	18	5	10	49	0	true	false	1	0	0.2	0.7	25	20	2.9	73	2	false	true	0	0	0	0	22	0	true	2	5	1	1	1	1	23	0	false	3	12	0	0	1	1	10	1	true	6	10	1	0	0	0	11	1	TRUE
8693	74461.31	69461.31	56.24398	1.47408	3.52326	1.66434	455	28.38	1235	0	0	12	true	195	2.8	0.02	63	0.7	34	2	2.5	18	5	5	50	0	false	false	2	1	0.4	0.7	26	20	3	31	6	true	true	0	0	1	0	22	0	true	2	4	1	1	1	1	23	0	true	10	3	1	1	1	0	13	1	false	0	0	0	1	0	1	23	1	TRUE
9246	73805.99	68805.99	57.05306	1.39275	3.14080	1.33048	454	29.25	1206	0	0	12	true	195	2.8	0.02	58	0.7	34	2	3.2	10	5	5	50	0	false	false	2	1	0.4	0.7	26	100	2.9	31	6	true	true	0	0	1	0	22	0	true	2	20	1	1	1	1	23	0	true	10	1	1	1	1	1	3	1	false	16385	12	0	1	0	0	16	1	TRUE
9068	71635.27	66635.27	53.86845	1.42782	3.37324	1.47323	456	28.36	1237	0	0	12	true	195	2.8	0.02	63	0.7	34	2	2.5	18	5	5	50	0	false	false	2	1	0.4	0.7	26	20	3	46	7	true	true	0	0	1	0	22	0	true	2	20	1	1	1	1	23	0	true	10	1	1	1	1	1	3	1	false	30	12	0	1	0	0	9	1	TRUE
9106	71635.27	66635.27	53.86845	1.42782	3.37324	1.47323	456	28.36	1237	0	0	12	true	195	2.8	0.02	63	0.7	34	2	2.5	18	5	5	50	0	false	false	2	1	0.4	0.7	26	20	3	46	6	true	true	0	0	1	0	22	0	true	2	20	1	1	1	1	23	0	true	10	1	1	1	1	1	3	1	false	16385	12	0	1	0	0	16	1	TRUE
8557	69865.24	64865.24	92.93014	1.41812	2.39294	3.64298	418	32.86	698	1	1	8	true	19	2.6	0.04	64	0.7	34	2	3.2	40	5	5	50	0	false	false	2	1	0.4	0.7	26	85	4.3	85	6	true	false	1	1	0	1	22	0	true	2	5	1	1	1	1	23	0	true	16385	15	1	1	1	0	8	0	true	5	12	0	1	0	0	9	1	TRUE
7914	67995.09	62995.09	50.67988	1.49208	2.84040	1.43721	456	32.85	1243	0	0	9	true	195	2.8	0.02	63	0.7	34	2	2.5	18	5	5	50	0	false	false	2	1	0.4	0.7	26	20	3	31	6	true	true	0	0	1	0	22	0	true	2	5	1	1	1	1	23	0	true	16385	3	1	1	1	0	13	1	true	6	10	1	0	0	0	11	1	TRUE
5098	67634.27	62634.27	92.51739	1.42610	2.02594	3.80042	416	37.04	677	1	1	8	true	19	2.6	0.04	64	0.7	34	2	3.2	40	5	5	50	0	false	false	2	1	0.4	0.7	26	85	4.3	85	6	true	false	1	1	0	1	22	0	true	2	5	1	1	1	1	23	0	true	16385	15	1	1	1	0	8	0	true	20	12	0	1	1	0	23	1	TRUE
8655	67159.77	62159.77	91.68108	1.42408	2.02477	3.77936	416	37.04	678	1	1	8	true	195	2.8	0.02	59	0.7	34	2	3.2	40	5	5	50	0	false	false	2	1	0.4	0.7	26	85	4.3	85	6	true	false	1	1	0	1	6	0	true	2	5	1	1	1	1	23	0	true	16385	15	1	1	1	0	8	0	true	20	12	0	1	1	0	9	1	TRUE
5398	67159.77	62159.77	91.68108	1.42408	2.02477	3.77936	416	37.04	678	1	1	8	true	195	2.8	0.02	63	0.7	34	2	3.2	40	5	5	50	0	false	false	2	1	0.4	0.7	26	85	4.3	85	6	true	false	1	1	0	1	6	0	true	2	5	1	1	1	1	23	0	true	16385	15	1	1	1	0	8	0	true	20	12	0	1	1	0	9	1	TRUE
8314	66488.10	61488.10	90.55685	1.42102	2.02283	3.75749	416	37.05	679	1	1	8	true	195	2.8	0.02	60	0.7	34	2	3.2	40	5	5	50	0	false	false	2	1	0.4	0.7	26	85	4.3	85	6	true	false	1	1	0	1	22	0	true	2	5	1	1	1	1	23	0	true	16385	15	1	1	1	0	8	0	true	20	12	0	1	1	0	23	1	TRUE
4468	66488.10	61488.10	90.55685	1.42102	2.02283	3.75749	416	37.05	679	1	1	8	true	195	2.8	0.02	63	0.7	34	2	3.2	40	5	5	50	0	false	false	2	1	0.4	0.7	26	85	4.3	85	6	true	false	1	1	0	1	22	0	true	2	5	1	1	1	1	23	0	true	16385	15	1	1	1	0	8	0	true	20	12	0	1	1	0	23	1	TRUE
7625	58697.92	53697.92	87.03067	1.42240	2.16802	4.25731	410	35.15	617	0	0	12	true	107	1.2	0.31	64	0.7	47	1.5	2.6	18	5	5	50	0	false	false	2	1	0.4	0.7	26	85	4.3	85	6	true	false	1	1	0	1	6	0	true	2	5	1	1	1	1	23	0	true	16385	15	1	1	1	0	8	0	true	20	12	0	1	1	0	9	1	TRUE
7600	53272.10	48272.10	103.36638	1.93160	3.59113	2.12508	394	26.07	467	0	0	12	true	195	2.8	0.02	63	0.7	34	2	2.5	18	5	5	50	0	false	false	2	1	0.4	0.7	26	100	4.3	85	6	true	false	1	1	0	1	22	0	true	2	5	1	1	1	1	23	0	true	10	1	1	1	1	1	10	1	true	6	10	1	0	0	0	11	1	TRUE
9473	53235.15	48235.15	102.84680	1.98225	3.72081	2.78269	395	25.91	469	0	0	12	true	195	2.8	0.02	63	0.7	34	2	2.5	18	5	5	50	0	false	false	2	1	0.4	0.7	26	85	2.7	55	7	true	false	1	1	0	1	22	0	true	2	5	1	1	1	1	23	0	true	16385	15	1	1	1	1	10	1	true	6	10	1	0	0	0	11	1	TRUE
8385	53235.15	48235.15	102.84680	1.98225	3.72081	2.78269	395	25.91	469	0	0	12	true	195	2.8	0.02	63	0.7	34	2	2.5	18	5	5	50	0	false	false	2	1	0.4	0.7	26	85	4.3	85	6	true	false	1	1	0	1	22	0	true	2	5	1	1	1	1	23	0	true	10	1	1	1	1	1	17	1	true	6	10	1	0	0	0	11	1	TRUE
8715	52076.21	47076.21	103.92099	1.95181	3.31844	2.60041	393	28.75	453	0	0	12	true	195	2.8	0.02	58	0.7	34	2	3.2	10	5	5	50	0	false	false	2	1	0.4	0.7	26	85	4.3	85	6	true	false	1	1	0	1	22	0	true	2	5	1	1	1	1	23	0	true	10	1	1	1	1	1	17	1	true	6	10	1	0	0	0	11	1	TRUE
9508	51880.68	46880.68	103.48936	1.94949	3.31781	2.59758	393	28.74	453	0	0	12	true	195	2.8	0.02	63	0.7	34	2	3.2	10	5	5	50	0	false	false	2	1	0.4	0.2	26	85	4.3	85	6	true	false	1	1	0	1	22	0	true	2	5	1	1	1	1	23	0	true	16385	15	1	1	1	1	10	1	true	6	10	1	0	0	0	11	1	TRUE
8761	51880.68	46880.68	103.48936	1.94949	3.31781	2.59758	393	28.74	453	0	0	12	true	195	2.8	0.02	63	0.7	34	2	3.2	10	5	5	50	0	false	false	2	1	0.4	0.7	26	85	4.3	85	6	true	false	1	1	0	1	22	0	true	2	5	1	1	1	1	23	0	true	16385	15	1	1	1	1	10	1	true	6	10	1	0	0	0	11	1	TRUE
9027	50276.75	45276.75	103.84576	1.96290	3.46059	10.14275	391	26.66	436	0	0	12	true	195	2.8	0.02	62	0.7	34	2	2.5	18	5	5	50	0	false	false	2	1	0.4	0.7	26	85	4.3	85	6	true	false	1	1	0	1	22	0	true	2	5	1	1	1	1	23	0	true	16385	15	1	1	1	1	3	1	false	30	12	0	1	0	0	9	1	TRUE
8575	50276.75	45276.75	103.84576	1.96290	3.46059	10.14275	391	26.66	436	0	0	12	true	195	2.8	0.02	63	0.7	34	2	2.5	18	5	5	50	0	false	false	2	1	0.4	0.7	26	85	2.7	55	7	true	false	1	1	0	1	22	0	true	2	5	1	1	1	1	23	0	true	16385	15	1	1	1	1	6	1	false	6	12	0	1	1	0	23	1	TRUE
8464	50276.75	45276.75	103.84576	1.96290	3.46059	10.14275	391	26.66	436	0	0	12	true	195	2.8	0.02	63	0.7	34	2	2.5	18	5	5	50	0	false	false	2	1	0.4	0.7	26	85	4.3	85	6	true	false	1	1	0	1	22	0	true	2	5	1	1	1	1	23	0	true	16385	15	1	1	1	1	10	1	false	16385	2	1	1	1	0	22	0	TRUE
7480	50276.75	45276.75	103.84576	1.96290	3.46059	10.14275	391	26.66	436	0	0	12	true	195	2.8	0.02	63	0.7	34	2	2.5	18	5	5	50	0	false	false	2	1	0.4	0.7	26	85	4.3	85	6	true	false	1	1	0	1	22	0	true	2	5	1	1	1	1	23	0	true	16385	15	1	1	1	1	3	1	false	16385	2	1	1	1	0	22	0	TRUE
7395	50276.75	45276.75	103.84576	1.96290	3.46059	10.14275	391	26.66	436	0	0	12	true	195	2.8	0.02	63	0.7	34	2	2.5	18	5	5	50	0	false	false	2	1	0.4	0.7	26	85	4.3	85	6	true	false	1	1	0	1	22	0	true	2	5	1	1	1	1	23	0	true	16385	15	1	1	1	1	3	1	false	16385	12	0	1	0	0	9	1	TRUE
6420	50276.75	45276.75	103.84576	1.96290	3.46059	10.14275	391	26.66	436	0	0	12	true	195	2.8	0.02	63	0.7	34	2	2.5	18	5	5	50	0	false	false	2	1	0.4	0.7	26	85	4.3	85	6	true	false	1	1	0	1	22	0	true	2	5	1	1	1	1	23	0	true	16385	15	1	1	1	0	13	1	false	0	12	0	1	0	0	9	1	TRUE
9953	49959.17	44959.17	99.90927	1.87839	3.18533	1.92688	392	28.72	450	0	0	12	true	195	2.8	0.02	63	0.7	34	2	3.2	10	5	5	50	0	false	false	2	1	0.4	0.7	26	100	4.3	85	6	true	false	1	1	0	1	22	0	true	2	5	1	1	1	1	23	0	true	10	1	1	1	1	1	10	1	true	6	10	1	0	0	0	11	1	TRUE
10059	46622.20	41622.20	88.55787	1.85222	3.04864	5.64492	395	29.71	470	0	0	12	true	195	2.8	0.02	63	0.7	34	2	2.5	18	5	5	50	0	false	false	2	1	0.4	0.7	26	85	2.7	55	7	true	false	1	1	0	1	22	0	true	2	5	1	1	1	1	23	0	true	16385	15	1	1	1	1	10	1	true	6	12	0	1	1	0	23	1	TRUE
8373	45767.06	40767.06	65.12310	1.38432	2.11757	3.89868	411	34.83	626	0	0	12	true	107	1.2	0.31	100	0.8	47	1.5	2.6	18	5	5	47	0	false	false	1	0	0.3	0.8	24	85	2.7	55	7	true	false	1	1	0	1	22	0	true	2	5	1	1	1	1	23	0	true	16385	15	1	1	1	0	8	0	true	20	12	0	1	1	0	23	1	TRUE
7191	44970.33	39970.33	63.95253	1.37032	1.83482	3.68245	411	37.65	625	0	0	12	true	11	1.4	0.42	64	0.7	34	1.9	2.6	18	5	5	50	0	false	false	2	1	0.4	0.7	26	85	4.3	85	6	true	false	1	1	0	1	22	0	true	2	5	1	1	1	1	23	0	true	16385	15	1	1	1	0	8	0	true	20	12	0	1	1	0	23	1	TRUE
8280	43958.17	38958.17	56.70767	1.38279	2.65353	3.72670	417	30.58	687	1	1	8	true	195	2.8	0.02	60	0.7	34	2	3.2	72	5	35	48	0	false	false	1	0	0.3	0.7	26	85	2.7	31	7	true	false	0	1	1	0	23	0	true	2	5	1	1	1	1	23	0	true	16385	15	1	1	1	0	8	0	true	20	12	0	1	1	0	23	1	TRUE
9427	43402.88	38402.88	75.89502	1.75098	3.07374	1.95140	399	28.63	506	0	0	12	true	195	2.8	0.02	63	0.7	34	2	2.5	18	5	5	50	0	false	false	2	1	0.4	0.7	26	20	3	46	7	true	false	0	1	0	1	22	0	true	2	5	1	1	1	1	23	0	false	3	12	0	0	1	1	10	1	true	6	10	1	0	0	0	11	1	TRUE
6124	41412.81	36412.81	52.46803	1.37024	2.49617	3.31220	417	31.42	694	1	1	8	true	195	2.8	0.02	98	0.8	47	2	3.2	40	5	35	48	0	false	false	1	0	0.3	0.8	24	85	4.3	85	6	true	false	1	1	0	1	22	0	true	2	5	1	1	1	1	23	0	true	16385	15	1	1	1	0	8	0	true	20	12	0	1	1	0	23	1	TRUE
6480	40189.27	35189.27	54.05418	1.32991	1.38934	4.23143	414	43.33	651	0	0	12	true	14	2.3	1.57	37	0.8	47	1.5	2.6	18	5	35	48	0	false	false	1	0	0.3	0.8	24	85	4.3	85	6	true	false	1	1	0	1	22	0	true	2	5	1	1	1	1	23	0	true	16385	15	1	1	1	0	8	0	true	20	12	0	1	1	0	23	1	TRUE
5696	40189.27	35189.27	54.05418	1.32991	1.38934	4.23143	414	43.33	651	0	0	12	true	14	2.3	1.57	100	0.8	47	1.5	2.6	18	5	35	48	0	false	false	1	0	0.3	0.8	24	85	4.3	85	6	true	false	1	1	0	1	22	0	true	2	5	1	1	1	1	23	0	true	16385	15	1	1	1	0	8	0	true	20	12	0	1	1	0	23	1	TRUE
7004	34759.82	29759.82	45.36558	1.36052	1.74930	5.17196	414	36.68	656	1	0	11	true	12	1.4	1.35	54	0.5	20	1.5	1.8	58	5	35	48	0	false	false	1	0	0.3	0.8	28	85	4.3	85	6	true	false	1	1	0	1	22	0	true	2	5	1	1	1	1	23	0	true	16385	15	1	1	1	0	8	0	true	20	12	0	1	1	0	23	1	TRUE
9145	32333.58	27333.58	56.24193	1.63033	1.81244	0.97012	397	39.75	486	0	0	12	true	195	2.8	0.02	63	0.7	34	2	3.2	10	5	5	50	0	false	false	2	1	0.4	0.7	26	20	3	94	6	true	false	1	1	0	1	22	0	true	2	5	1	1	1	1	23	0	false	3	12	0	0	1	1	10	1	true	6	10	1	0	0	0	11	1	TRUE
10003	31374.98	26374.98	40.14457	1.35081	1.54146	4.71789	414	38.47	657	1	0	11	true	124	1.8	1.33	51	0.5	20	1.5	1.8	58	5	5	50	0	false	false	2	1	0.4	0.8	28	85	2.7	55	7	true	false	1	1	0	1	22	0	true	2	5	1	1	1	1	23	0	true	16385	15	1	1	1	0	8	0	true	20	12	0	1	1	0	23	1	TRUE
9568	30872.55	25872.55	39.50008	1.34641	1.49357	4.68015	414	39.15	655	1	0	11	true	124	1.8	1.34	62	0.5	20	1.5	1.8	58	5	5	50	0	false	false	2	1	0.4	0.7	26	85	2.7	55	7	true	false	1	1	0	1	22	0	true	2	5	1	1	1	1	23	0	true	16385	15	1	1	1	0	8	0	true	20	12	0	1	1	0	23	1	TRUE
8701	30872.55	25872.55	39.50008	1.34641	1.49357	4.68015	414	39.15	655	1	0	11	true	124	1.8	1.34	51	0.5	20	1.5	1.8	58	5	5	50	0	false	false	2	1	0.4	0.7	28	85	2.7	55	7	true	false	1	1	0	1	22	0	true	2	5	1	1	1	1	23	0	true	16385	15	1	1	1	0	8	0	true	20	12	0	1	1	0	23	1	TRUE
8160	30795.04	25795.04	49.04000	1.53164	2.49634	7.96438	401	30.50	526	1	1	8	true	195	2.8	0.02	63	0.7	34	2	2.5	32	5	5	50	0	false	false	2	1	0.4	0.7	26	85	4.3	85	6	true	false	1	1	0	1	22	0	true	2	5	1	1	1	1	23	0	true	16385	15	1	1	1	0	13	1	false	0	12	0	1	0	0	9	1	TRUE
10025	30761.67	25761.67	54.92893	1.67350	2.61801	1.48730	395	32.33	469	0	0	12	true	195	2.8	0.02	63	0.7	34	2	2.5	18	5	5	50	0	false	false	2	1	0.4	0.7	26	100	2.7	55	7	true	false	1	1	0	1	22	0	true	2	20	1	1	1	1	23	0	false	6	1	1	1	1	1	10	1	true	6	10	1	0	0	0	11	1	TRUE
7876	29379.21	24379.21	38.03309	1.33268	1.41665	4.42515	413	40.62	641	1	0	11	true	124	1.8	1.34	51	0.5	20	1.5	2.3	58	5	5	50	0	false	false	2	1	0.4	0.7	26	85	4.3	85	6	true	false	1	1	0	1	22	0	true	2	5	1	1	1	1	23	0	true	16385	15	1	1	1	0	8	0	true	20	12	0	1	1	0	23	1	TRUE
6341	29312.69	24312.69	37.11861	1.34471	2.47847	4.60352	414	27.82	655	1	0	11	true	140	1.3	0.66	56	0.5	20	1.5	1.8	58	5	5	50	0	false	false	2	1	0.4	0.7	28	85	4.3	85	6	true	false	1	1	0	1	22	0	true	2	5	1	1	1	1	23	0	true	16385	15	1	1	1	0	8	0	true	20	12	0	1	1	0	23	1	TRUE
8785	28375.85	23375.85	53.24795	1.68232	2.53099	5.25141	391	32.64	439	0	0	12	true	195	2.8	0.02	63	0.7	34	2	2.5	18	5	5	50	0	false	false	2	1	0.4	0.7	26	85	2.7	55	7	true	false	1	1	0	1	22	0	true	2	20	1	1	1	1	23	0	true	16385	15	1	1	1	1	3	1	false	16385	2	1	1	1	0	22	0	TRUE
8397	28375.85	23375.85	53.24795	1.68232	2.53099	5.25141	391	32.64	439	0	0	12	true	195	2.8	0.02	63	0.7	34	2	2.5	18	5	5	50	0	false	false	2	1	0.4	0.7	26	20	3	46	6	true	false	1	1	0	1	22	0	true	2	20	1	1	1	1	23	0	true	10	1	1	1	1	1	3	1	false	16385	12	0	1	0	0	9	1	TRUE
8224	28375.85	23375.85	53.24795	1.68232	2.53099	5.25141	391	32.64	439	0	0	12	true	195	2.8	0.02	63	0.7	34	2	2.5	18	5	5	50	0	false	false	2	1	0.4	0.7	26	20	3	85	6	true	false	1	1	0	1	22	0	true	2	20	1	1	1	1	23	0	true	20	15	1	0	1	1	3	1	false	30	12	0	1	0	0	9	1	TRUE
7977	28375.85	23375.85	53.24795	1.68232	2.53099	5.25141	391	32.64	439	0	0	12	true	195	2.8	0.02	63	0.7	34	2	2.5	18	5	5	50	0	false	false	2	1	0.4	0.7	26	85	4.3	85	6	true	false	1	1	0	1	22	0	true	2	20	1	1	1	1	23	0	true	10	12	1	1	1	1	3	1	false	30	12	0	1	0	0	9	1	TRUE
6854	28375.85	23375.85	53.24795	1.68232	2.53099	5.25141	391	32.64	439	0	0	12	true	195	2.8	0.02	63	0.7	34	2	2.5	18	5	5	50	0	false	false	2	1	0.4	0.7	26	85	4.3	85	6	true	false	1	1	0	1	22	0	true	2	20	1	1	1	1	23	0	false	6	15	1	0	1	1	3	1	false	16385	2	1	1	1	0	22	0	TRUE
6092	28343.57	23343.57	49.87942	1.62437	4.01791	8.57772	394	27.22	468	1	0	27	true	183	2.8	0.02	98	0.8	22	2.3	3	52	5	5	50	0	false	false	2	1	0.4	0.4	24	100	4.3	85	6	true	false	1	1	0	1	22	0	true	2	5	1	1	1	1	23	0	true	10	1	1	1	1	0	13	1	false	0	12	0	1	0	0	9	1	TRUE
5831	26761.69	21761.69	42.25571	1.47595	2.57241	7.46485	400	29.41	515	1	1	8	true	195	2.8	0.02	63	0.7	34	2	3.2	40	5	5	50	0	false	false	2	1	0.4	0.7	10	100	2.9	31	6	true	false	1	1	0	1	22	0	true	2	5	1	1	1	1	23	0	true	10	1	1	1	1	0	6	1	false	16385	0	0	1	0	1	23	1	TRUE
9457	26386.50	21386.50	32.16015	1.30817	1.34600	4.35410	415	40.43	665	1	0	11	true	140	1.5	1.33	62	0.7	20	1.5	1.8	58	5	5	50	0	false	false	2	1	0.3	0.7	26	85	4.3	85	6	true	false	1	1	0	1	6	0	true	2	5	1	1	1	1	23	0	true	16385	15	1	1	1	0	8	0	true	20	12	0	1	1	0	9	1	TRUE
7868	26143.13	21143.13	31.89009	1.30704	1.36616	4.22602	415	40.02	663	1	0	11	true	124	1.8	1.33	62	0.7	47	1.5	1.8	58	5	5	50	0	false	false	2	1	0.4	0.7	26	85	4.3	85	6	true	false	1	1	0	1	6	0	true	2	5	1	1	1	1	23	0	true	16385	15	1	1	1	0	8	0	true	20	12	0	1	1	0	9	1	TRUE
8408	26135.76	21135.76	41.36157	1.47435	2.55783	7.39051	399	29.41	511	1	1	8	true	195	2.8	0.02	63	0.7	34	2	3.2	40	5	5	50	0	false	false	2	1	0.4	0.7	26	85	4.3	85	6	true	false	1	1	0	1	22	0	true	2	5	1	1	1	1	23	0	true	16385	15	1	1	1	1	10	1	false	16385	2	1	1	1	0	19	1	TRUE
8171	26135.76	21135.76	41.36157	1.47435	2.55783	7.39051	399	29.41	511	1	1	8	true	195	2.8	0.02	63	0.7	34	2	3.2	40	5	5	50	0	false	false	2	1	0.4	0.7	26	85	4.3	85	6	true	false	1	1	0	1	22	0	true	2	5	1	1	1	1	23	0	true	16385	15	1	1	1	1	10	1	false	16385	2	1	1	1	0	22	0	TRUE
7485	26135.76	21135.76	41.36157	1.47435	2.55783	7.39051	399	29.41	511	1	1	8	true	195	2.8	0.02	63	0.7	34	2	3.2	40	5	5	50	0	false	false	2	1	0.4	0.7	26	85	4.3	85	6	true	false	1	1	0	1	22	0	true	2	5	1	1	1	1	23	0	true	20	15	1	1	1	1	3	1	false	16385	2	0	1	0	0	9	1	TRUE
7326	26135.76	21135.76	41.36157	1.47435	2.55783	7.39051	399	29.41	511	1	1	8	true	195	2.8	0.02	63	0.7	34	2	3.2	40	5	5	50	0	false	false	2	1	0.4	0.7	26	85	4.3	85	6	true	false	1	1	0	1	22	0	true	2	5	1	1	1	1	23	0	true	16385	15	1	1	1	0	3	1	false	0	12	0	1	0	0	23	1	TRUE
7182	26135.76	21135.76	41.36157	1.47435	2.55783	7.39051	399	29.41	511	1	1	8	true	195	2.8	0.02	63	0.7	34	2	3.2	40	5	5	50	0	false	false	2	1	0.4	0.7	26	85	4.3	85	6	true	false	1	1	0	1	6	0	true	2	5	1	1	1	1	23	0	true	16385	15	1	1	1	1	6	1	false	15	0	0	1	0	1	23	1	TRUE
7180	26135.76	21135.76	41.36157	1.47435	2.55783	7.39051	399	29.41	511	1	1	8	true	195	2.8	0.02	63	0.7	34	2	3.2	40	5	5	50	0	false	false	2	1	0.4	0.7	26	85	4.3	85	6	true	false	1	1	0	1	22	0	true	2	5	1	1	1	1	23	0	true	10	1	1	1	0	0	20	1	false	6	1	1	1	0	0	9	1	TRUE
6667	26135.76	21135.76	41.36157	1.47435	2.55783	7.39051	399	29.41	511	1	1	8	true	195	2.8	0.02	60	0.7	34	2	3.2	40	5	5	50	0	false	false	2	1	0.4	0.7	26	85	4.3	85	6	true	false	1	1	0	1	22	0	true	2	5	1	1	1	1	23	0	true	16385	15	1	1	0	1	21	1	false	16385	3	0	0	0	0	6	0	TRUE
6842	26135.76	21135.76	41.36157	1.47435	2.55783	7.39051	399	29.41	511	1	1	8	true	195	2.8	0.02	60	0.7	34	2	3.2	40	5	5	50	0	false	false	2	1	0.4	0.7	26	85	4.3	85	6	true	false	1	1	0	1	22	0	true	2	5	1	1	1	1	23	0	true	16385	15	1	1	1	0	13	1	false	0	12	0	1	0	0	9	1	TRUE
6353	26135.76	21135.76	41.36157	1.47435	2.55783	7.39051	399	29.41	511	1	1	8	true	195	2.8	0.02	63	0.7	34	2	3.2	40	5	5	50	0	false	false	2	1	0.4	0.7	26	85	4.3	85	6	true	false	1	1	0	1	22	0	true	2	5	1	1	1	1	23	0	true	16385	15	1	1	1	0	13	1	false	0	12	0	1	0	0	16	1	TRUE
6060	26135.76	21135.76	41.36157	1.47435	2.55783	7.39051	399	29.41	511	1	1	8	true	195	2.8	0.02	63	0.7	34	2	3.2	40	5	5	50	0	false	false	2	1	0.4	0.7	26	85	4.3	85	6	true	false	1	1	0	1	22	0	true	2	5	1	1	1	1	23	0	true	16385	15	1	1	1	0	13	1	false	0	12	0	1	0	0	17	1	TRUE
5590	26135.76	21135.76	41.36157	1.47435	2.55783	7.39051	399	29.41	511	1	1	8	true	195	2.8	0.02	63	0.7	34	2	3.2	40	5	5	50	0	false	false	2	1	0.4	0.7	26	85	4.3	85	6	true	false	1	1	0	1	22	0	true	2	5	1	1	1	1	23	0	true	20	15	1	1	1	1	6	1	false	15	0	0	1	0	1	23	1	TRUE
5036	26135.76	21135.76	41.36157	1.47435	2.55783	7.39051	399	29.41	511	1	1	8	true	195	2.8	0.02	63	0.7	34	2	3.2	40	5	5	50	0	false	false	2	1	0.4	0.7	26	85	4.3	85	6	true	false	1	1	0	1	6	0	true	2	5	1	1	1	1	23	0	true	16385	15	1	1	1	0	13	1	false	0	12	0	1	0	0	9	1	TRUE
6347	26040.25	21040.25	41.17466	1.47352	2.55523	7.37584	399	29.42	511	1	1	8	true	19	2.6	0.04	64	0.7	34	2	3.2	40	5	5	50	0	false	false	2	1	0.4	0.7	26	85	4.3	85	6	true	false	1	1	0	1	22	0	true	2	5	1	1	1	1	23	0	true	16385	15	1	1	1	0	13	1	false	0	12	0	1	0	0	9	1	TRUE
6194	26040.25	21040.25	41.17466	1.47352	2.55523	7.37584	399	29.42	511	1	1	8	true	19	2.6	0.04	64	0.7	34	2	3.2	40	5	5	50	0	false	false	2	1	0.4	0.7	26	85	4.3	85	6	true	false	1	1	0	1	22	0	true	2	5	1	1	1	1	23	0	true	16385	15	1	1	1	1	10	1	false	4	4	1	1	1	0	22	0	TRUE
7761	25859.64	20859.64	40.74148	1.47030	2.55278	7.34070	399	29.40	512	1	1	8	true	195	2.8	0.02	63	0.7	34	2	3.2	40	5	5	50	0	false	false	2	1	0.4	0.7	26	20	3	85	6	true	false	1	1	0	1	22	0	true	2	5	1	1	1	1	23	0	true	10	1	1	1	0	0	20	1	false	6	6	0	1	0	0	9	1	TRUE
8400	25834.81	20834.81	31.37773	1.30407	1.33895	4.28145	415	40.43	664	1	0	11	true	124	1.8	1.33	59	0.7	20	1.5	1.8	58	5	5	50	0	false	false	2	1	0.4	0.7	26	85	4.3	85	6	true	false	1	1	0	1	6	0	true	2	5	1	1	1	1	23	0	true	16385	15	1	1	1	0	8	0	true	20	12	0	1	1	0	9	1	TRUE
7274	25834.81	20834.81	31.37773	1.30407	1.33895	4.28145	415	40.43	664	1	0	11	true	124	1.8	1.33	62	0.7	20	1.5	1.8	58	5	5	50	0	false	false	2	1	0.4	0.7	26	85	4.3	85	6	true	false	1	1	0	1	22	0	true	2	5	1	1	1	1	23	0	true	16385	15	1	1	1	0	8	0	true	20	12	0	1	1	0	23	1	TRUE
6418	25609.35	20609.35	30.76022	1.34681	2.47573	4.37622	415	28.43	670	1	0	11	true	124	1.8	1.8	53	0.5	20	1.5	1.8	58	5	5	50	0	false	false	0	0	0.5	0.8	28	85	4.3	85	6	true	false	1	1	0	1	22	0	true	2	5	1	1	1	1	23	0	true	16385	15	1	1	1	0	8	0	true	20	12	0	1	1	0	23	1	TRUE
5890	25370.73	20370.73	30.35876	1.34479	2.46962	4.34825	415	28.43	671	1	0	11	true	140	3.1	1.8	53	0.5	20	1.5	1.8	58	5	5	50	0	false	false	2	1	0.5	0.8	28	85	4.3	85	6	true	false	1	1	0	1	22	0	true	2	5	1	1	1	1	23	0	true	16385	15	1	1	1	0	8	0	true	20	12	0	1	1	0	23	1	TRUE
8861	24292.88	19292.88	28.92486	1.31548	2.15936	4.25052	415	30.08	667	1	0	11	true	140	3	1.71	51	0.5	20	1.5	1.8	58	5	5	50	0	false	false	2	1	0.4	0.7	28	85	4.3	85	6	true	false	1	1	0	1	6	0	true	2	5	1	1	1	1	23	0	true	16385	15	1	1	1	0	8	0	true	20	12	0	1	1	0	9	1	TRUE
5914	24206.40	19206.40	40.95181	1.57477	5.17961	9.90118	395	19.16	469	1	0	27	true	7	2.6	0.04	97	0.8	22	2.3	3	84	5	35	48	0	false	false	1	0	0.3	0.8	24	85	4.3	85	6	true	false	1	1	0	1	23	0	true	2	5	1	1	1	1	23	0	true	20	15	1	1	1	1	6	1	false	15	0	0	1	0	1	23	1	TRUE
8120	23164.22	18164.22	38.24046	1.53688	3.91985	2.56447	395	35.02	475	0	0	12	true	107	1.2	0.31	39	0.8	47	1.5	2.6	50	5	35	48	0	false	false	1	0	0.3	0.8	24	85	4.3	85	6	true	false	1	1	0	1	23	0	true	2	5	1	1	1	1	23	0	true	16385	15	1	1	1	0	13	1	true	6	10	1	0	0	0	11	1	TRUE
8829	22819.99	17819.99	40.13511	1.53346	3.44925	7.16861	392	25.14	444	0	0	12	true	107	1.2	0.31	39	0.8	47	1.5	2.6	50	5	35	48	0	false	false	1	0	0.3	0.8	8	100	3	94	6	true	false	1	1	0	1	23	0	true	2	20	1	1	1	1	23	0	true	10	1	1	1	1	1	3	1	false	16385	12	0	1	0	0	9	1	TRUE
8514	22758.15	17758.15	40.08612	1.54234	3.31654	7.17201	391	26.54	443	0	0	12	true	107	1.2	0.31	39	0.8	47	1.5	2.6	50	5	35	48	0	false	false	1	0	0.3	0.8	24	20	4.3	85	6	true	false	1	1	0	1	23	0	true	2	20	1	1	1	1	23	0	true	10	1	1	1	1	1	6	1	false	5	12	0	1	0	0	9	1	TRUE
4976	22470.81	17470.81	20.50565	1.35828	3.53624	1.86249	430	20.88	852	0	0	8	true	195	2.8	0.84	85	1.7	47	1.5	2.6	32	35	5	41	0	true	false	1	0	0.2	0.4	14	100	2.9	67	5	true	true	0	0	1	0	21	0	true	2	5	1	1	1	1	23	0	true	10	1	1	1	1	1	10	1	false	4	4	1	1	1	0	22	0	TRUE
8366	22449.97	17449.97	39.74936	1.54126	3.19388	10.01010	391	26.50	439	0	0	12	true	107	1.2	0.31	39	0.8	47	1.5	2.6	50	5	35	48	0	false	false	1	0	0.3	0.8	24	85	4.3	85	6	true	false	1	1	0	1	23	0	true	2	5	1	1	1	1	23	0	true	16385	15	1	1	1	0	13	1	false	0	12	0	1	0	0	9	1	TRUE
6380	22107.56	17107.56	33.41320	1.46191	2.77621	8.53025	399	46.15	512	1	1	8	true	195	2.8	0.02	98	0.8	47	2	3.2	40	5	35	48	0	false	false	1	0	0.3	0.8	24	85	4.3	85	6	true	false	1	1	0	1	22	0	true	2	5	1	1	1	1	23	0	true	16385	15	1	1	1	1	3	1	false	16385	5	0	1	1	0	23	1	TRUE
8624	21709.62	16709.62	34.17100	1.51323	3.51388	6.96818	397	24.27	489	0	0	12	true	107	1.2	0.31	39	0.8	47	1.5	1.8	50	5	35	48	0	false	false	1	0	0.3	0.8	24	85	4.3	85	6	true	false	1	1	0	1	23	0	true	2	20	1	1	1	1	23	0	true	16385	15	1	1	1	1	10	1	true	6	12	0	1	0	0	9	1	TRUE
3541	21402.59	16402.59	53.60324	1.58647	2.20729	0.87281	362	26.12	306	0	1	7	true	30	1.4	1.9	84	1.7	50	2	3.3	46	40	35	17	1	true	true	2	1	0.4	0.8	45	55	1.2	76	7	true	false	1	1	0	0	17	0	false	2	12	0	0	1	1	8	0	true	16385	3	1	1	1	0	14	0	true	15	3	0	1	0	0	16	1	TRUE
7404	21128.64	16128.64	37.07733	1.50611	1.95999	7.12402	390	49.64	435	0	0	12	true	11	1.4	0.42	64	0.7	34	1.9	2.6	18	5	5	50	0	false	false	2	1	0.4	0.7	26	85	4.3	85	6	true	false	1	1	0	1	22	0	true	2	5	1	1	1	1	23	0	true	16385	15	1	1	0	0	20	1	true	20	12	0	1	1	0	23	1	TRUE
8522	20983.15	15983.15	34.52084	1.53123	4.01450	7.95402	394	21.08	463	0	0	12	true	107	1.2	0.31	39	0.8	47	1.5	1.8	50	5	35	48	0	false	false	1	0	0.3	0.8	24	85	4.3	85	6	true	false	1	1	0	1	23	0	true	2	20	1	1	1	1	23	0	true	16385	15	1	1	1	1	3	1	false	16385	12	0	1	0	0	9	1	TRUE
4321	20630.48	15630.48	51.92851	1.64441	2.81848	0.85613	360	22.59	301	0	1	19	true	17	2.9	1.92	85	1.7	95	1.9	3.5	28	40	35	17	1	true	true	2	1	0.4	0.8	45	55	1.2	76	7	true	false	1	1	0	0	17	0	false	2	12	0	0	1	1	8	0	true	16385	3	1	1	1	0	14	0	true	15	3	0	1	0	0	16	1	TRUE
5706	20484.13	15484.13	30.12477	1.36388	1.70628	6.68118	400	37.85	514	1	1	8	true	195	2.8	0.5	60	0.7	34	2	3.2	40	5	5	50	0	false	false	2	1	0.4	0.7	10	100	2.9	82	6	true	false	1	1	0	1	6	0	true	2	5	1	1	1	1	23	0	true	10	1	1	1	1	0	6	1	false	16385	0	0	1	0	1	23	1	TRUE
5235	20366.80	15366.80	50.05472	1.57218	2.36255	0.81162	362	37.75	307	0	1	19	true	113	2.8	1.66	86	1.7	95	1.9	3.5	28	40	35	17	1	true	true	2	1	0.4	0.8	45	55	1.2	76	7	true	false	1	1	0	0	17	0	false	2	12	0	0	1	1	8	0	true	16385	3	1	1	1	0	14	0	true	15	3	0	1	0	0	16	1	TRUE
6078	20136.78	15136.78	38.51598	1.66391	3.49213	9.69570	385	23.15	393	1	0	8	true	195	2.8	0.02	63	0.7	34	2	3.2	58	5	5	50	0	false	false	2	1	0.4	0.7	10	100	2.9	31	6	true	false	1	1	0	1	22	0	true	2	5	1	1	1	1	23	0	true	10	1	1	1	1	0	6	1	false	16385	0	0	1	0	1	23	1	TRUE
9100	20105.38	15105.38	25.82116	1.37636	1.39255	0.70294	407	43.29	585	0	1	12	true	195	2.8	0.02	58	0.7	34	2	3.2	10	5	5	50	0	false	false	2	1	0.4	0.7	26	20	3	85	6	true	false	1	1	0	1	22	0	true	2	5	1	1	1	1	23	0	true	10	1	1	1	1	1	10	1	true	6	10	1	0	0	0	11	1	TRUE
4231	19882.76	14882.76	17.69650	1.34148	3.88321	1.72080	430	18.85	841	0	0	8	true	195	2.8	0.68	83	1.7	47	1.5	2.6	32	35	5	41	0	true	false	1	0	0.2	0.4	14	100	2.9	67	5	true	true	0	0	1	0	21	0	true	2	5	1	1	1	1	23	0	true	10	1	1	1	1	1	10	1	false	4	4	1	1	1	0	22	0	TRUE
8888	19489.20	14489.20	28.13437	1.40677	2.57402	1.73757	400	29.24	515	0	0	12	true	107	1.2	0.31	39	0.8	47	1.5	2.6	50	5	35	48	0	false	false	1	0	0.3	0.8	24	20	3	46	6	true	false	1	1	0	1	23	0	true	2	5	1	1	1	1	23	0	false	3	12	0	0	1	1	10	1	true	6	10	1	0	0	0	11	1	TRUE
6374	18710.17	13710.17	31.37339	1.47055	2.48451	8.21007	391	39.31	437	0	0	12	true	14	2.3	1.57	100	0.8	47	1.5	2.6	18	5	35	48	0	false	false	1	0	0.3	0.8	24	85	4.3	85	6	true	false	1	1	0	1	22	0	true	2	5	1	1	1	1	23	0	true	16385	15	1	1	1	1	6	1	false	15	12	1	0	0	0	7	1	TRUE
5873	18710.17	13710.17	31.37339	1.47055	2.48451	8.21007	391	39.31	437	0	0	12	true	14	2.3	1.57	100	0.8	47	1.5	2.6	18	5	35	48	0	false	false	1	0	0.3	0.8	24	85	4.3	85	6	true	false	1	1	0	1	22	0	true	2	5	1	1	1	1	23	0	true	16385	15	1	1	1	1	10	1	false	16385	3	0	1	1	0	23	1	TRUE
5350	18399.64	13399.64	26.53394	1.34437	1.85129	6.36799	399	34.83	505	1	1	8	true	195	2.8	0.68	46	0.7	34	2	3.2	40	5	5	50	0	false	false	2	1	0.4	0.7	10	100	2.9	31	6	true	false	1	1	0	1	22	0	true	2	5	1	1	1	1	23	0	true	10	1	1	1	1	1	10	1	false	4	4	1	1	1	0	22	0	TRUE
5331	18022.05	13022.05	29.00234	1.36457	2.85735	4.37289	392	27.57	449	1	1	8	true	195	3	0.91	69	0.7	34	2	3.2	40	15	15	23	1	false	false	0	0	0.1	0.5	41	15	4	61	9	true	true	1	0	0	1	12	1	true	30	5	1	1	1	1	21	0	false	2	5	1	0	0	0	20	1	false	5	4	1	1	1	0	22	0	TRUE
4840	18022.05	13022.05	29.00234	1.36457	2.85735	4.37289	392	27.57	449	1	1	8	true	195	3	0.91	69	0.7	34	2	3.2	40	15	15	23	1	false	false	0	0	0.1	0.5	41	15	4	61	9	true	true	1	0	0	1	12	1	true	30	5	1	1	1	1	21	0	false	2	5	1	0	1	1	10	1	false	4	4	1	1	1	0	22	0	TRUE
3204	17900.46	12900.46	22.91378	1.34056	2.55759	6.44002	405	32.16	563	0	1	18	true	198	3	0.91	76	2.3	79	2.2	3.9	66	5	35	33	0	true	false	1	0	0.3	0.4	17	100	2.9	31	6	true	false	1	1	1	0	7	1	true	1	5	1	1	1	1	23	0	true	10	1	1	1	1	1	6	1	false	15	12	1	0	0	0	7	1	TRUE
5147	17879.32	12879.32	22.87623	1.34037	2.55629	6.43333	405	32.16	563	0	1	18	true	198	3	0.91	76	2.3	79	2.2	3.9	66	5	35	33	0	true	false	1	0	0.3	0.4	17	100	2.9	31	6	true	false	1	1	1	0	7	1	true	1	5	1	1	1	1	23	0	true	10	1	1	1	1	0	6	1	false	16385	0	0	1	0	1	23	1	TRUE
5720	17720.23	12720.23	34.56584	1.39964	2.41818	5.51586	382	29.15	368	0	0	15	true	120	3	0.84	83	1.5	10	3.4	2.5	42	5	35	27	1	false	false	0	1	0.7	0.2	37	15	2	82	10	true	true	0	1	0	1	4	1	true	30	5	1	1	1	1	21	0	false	2	5	1	0	1	1	5	1	false	16385	2	1	1	1	0	22	0	TRUE
5213	17720.23	12720.23	34.56584	1.39964	2.41818	5.51586	382	29.15	368	0	0	15	true	120	3	0.84	83	1.5	10	3.4	2.5	42	5	35	27	1	false	false	0	1	0.7	0.2	37	15	2	82	10	true	true	0	1	0	1	4	1	true	30	5	1	1	1	1	21	0	false	2	5	1	0	1	1	10	1	false	4	4	1	1	1	0	22	0	TRUE
5749	17450.79	12450.79	34.01855	1.39720	2.40294	5.48423	382	29.15	366	0	0	15	true	120	3	0.84	82	1.5	10	3.4	2.5	42	5	35	27	1	false	false	0	1	0.7	0.2	38	15	2	82	10	true	true	0	1	0	1	4	1	true	30	5	1	1	1	1	21	0	false	2	5	1	0	1	1	10	1	false	4	4	1	1	1	0	22	0	TRUE
8699	17450.13	12450.13	21.35528	1.38605	3.36433	1.80460	407	36.31	583	1	1	8	true	195	2.8	0.02	59	2.3	34	2	3.2	40	5	5	50	0	false	false	2	1	0.4	0.7	26	85	4.3	85	6	true	false	1	1	0	1	22	0	true	2	5	1	1	1	1	23	0	true	30	15	1	1	1	1	10	1	true	6	10	1	0	0	0	11	1	TRUE
4505	17419.19	12419.19	40.98743	1.55597	1.99862	0.68399	361	42.36	303	0	1	7	true	24	2.1	1.31	60	0.7	34	3.5	3.5	60	40	35	17	1	true	true	2	1	0.4	0.7	42	55	1.2	76	7	true	false	1	1	0	0	17	0	false	2	12	0	0	1	1	8	0	true	16385	3	1	1	1	0	14	0	true	15	3	0	1	0	0	16	1	TRUE
8212	17264.59	12264.59	23.90758	1.37362	1.99110	6.08825	400	32.25	513	1	1	8	true	195	2.8	0.02	60	0.7	34	2	3.2	40	5	5	50	0	false	false	2	1	0.4	0.7	26	85	4.3	85	6	true	false	1	1	0	1	22	0	true	2	4	1	1	1	1	23	0	true	16385	15	1	1	1	0	13	1	false	0	12	0	1	0	0	9	1	TRUE
3193	17094.26	12094.26	39.39498	1.51731	2.15482	0.72204	362	38.28	307	0	1	19	true	17	2.3	1.57	84	1.7	95	1.9	3.5	28	40	35	17	1	true	true	2	1	0.4	0.8	45	55	1.2	76	7	true	false	1	1	0	0	17	0	false	2	12	0	0	1	1	8	0	true	16385	3	1	1	1	0	14	0	true	15	3	0	1	0	0	16	1	TRUE
4684	17041.35	12041.35	21.23695	1.32304	2.47500	6.19064	405	32.18	567	0	1	18	true	38	1.4	0.93	78	2.3	79	2.2	3.9	66	5	35	33	0	true	false	1	0	0.3	0.4	17	100	2.9	31	6	true	false	1	1	1	0	7	1	true	1	5	1	1	1	1	23	0	true	10	1	1	1	1	1	5	1	false	16385	20	1	0	0	0	7	1	TRUE
2689	17041.35	12041.35	21.23695	1.32304	2.47500	6.19064	405	32.18	567	0	1	18	true	38	1.4	0.93	78	2.3	79	2.2	3.9	66	5	35	33	0	true	false	1	0	0.3	0.4	17	100	2.9	31	6	true	false	1	1	1	0	7	1	true	1	5	1	1	1	1	23	0	true	10	1	1	1	1	1	6	1	false	15	12	1	0	0	0	7	1	TRUE
5711	17001.42	12001.42	21.16653	1.32248	2.47077	6.17697	405	32.19	567	0	1	18	true	38	1.4	0.93	78	2.3	79	2.2	3.9	66	5	35	33	0	true	false	1	0	0.3	0.4	17	100	2.9	31	6	true	false	1	1	1	0	7	1	true	1	5	1	1	1	1	23	0	true	10	1	1	1	1	0	6	1	false	16385	0	0	1	0	1	23	1	TRUE
5422	16401.06	11401.06	18.32968	1.32409	3.36153	8.20328	411	22.08	622	1	1	26	false	186	1.6	0.54	76	2.3	79	2.2	2.2	86	5	35	33	0	true	false	1	0	0.3	0.4	17	100	2.9	31	6	true	false	1	1	1	0	23	0	true	2	5	1	1	1	1	23	0	true	10	1	1	1	1	1	5	1	false	16385	2	1	1	1	0	22	0	TRUE
4682	16401.06	11401.06	18.32968	1.32409	3.36153	8.20328	411	22.08	622	1	1	26	false	186	1.6	0.54	76	2.3	79	2.2	2.2	86	5	35	33	0	true	false	1	0	0.3	0.4	17	100	2.9	31	6	true	false	1	1	1	0	23	0	true	2	5	1	1	1	1	23	0	true	10	1	1	1	1	1	6	1	false	15	0	0	1	0	1	23	1	TRUE
4713	16401.06	11401.06	18.32968	1.32409	3.36153	8.20328	411	22.08	622	1	1	26	false	186	1.6	0.54	76	2.3	79	2.2	2.2	86	5	35	33	0	true	false	1	0	0.3	0.4	17	100	2.9	31	6	true	false	1	1	1	0	7	1	true	2	5	1	1	1	1	23	0	true	10	1	1	1	1	1	6	1	false	20	12	1	0	0	0	22	0	TRUE
3640	16388.55	11388.55	24.49151	1.41777	2.67783	3.60798	394	31.52	465	0	1	18	true	7	2.6	1.16	68	3	85	3.4	3	22	15	15	23	1	false	false	0	0	0.1	0.5	41	15	4	61	9	true	true	1	0	0	1	12	1	true	30	5	1	1	1	1	21	0	false	2	5	1	0	1	1	10	1	false	4	4	1	1	1	0	22	0	TRUE
4262	16376.03	11376.03	18.71058	1.34325	3.10122	6.32991	409	28.89	608	0	1	18	true	198	3	0.91	69	3	85	3.4	3	54	5	35	33	0	true	false	1	0	0.3	0.4	8	100	2.9	31	6	true	false	1	1	1	0	7	1	true	1	5	1	1	1	1	23	0	true	10	1	1	1	1	1	6	1	false	15	12	1	0	0	0	7	1	TRUE
7711	16288.28	11288.28	25.71362	1.41944	1.87964	6.46933	391	32.12	439	0	0	12	true	83	1.8	1.59	60	0.7	34	2	2.5	18	5	5	50	0	false	false	2	1	0.4	0.7	26	85	4.3	85	6	true	false	1	1	0	1	22	0	true	2	5	1	1	1	1	23	0	true	16385	15	1	1	1	0	13	1	false	0	12	0	1	0	0	9	1	TRUE
8034	16219.81	11219.81	25.55765	1.41306	1.87828	6.43520	391	32.10	439	0	0	12	true	195	2.4	1.57	61	0.7	34	2	2.5	18	5	5	50	0	false	false	2	1	0.4	0.7	26	85	4.3	85	6	true	false	1	1	0	1	22	0	true	2	5	1	1	1	1	23	0	true	16385	15	1	1	1	1	3	1	false	16385	2	1	1	1	0	22	0	TRUE
5373	16159.87	11159.87	25.02213	1.31285	2.03165	3.82527	392	32.61	446	1	1	8	true	195	2.8	0.02	66	0.7	34	2	3.2	40	15	15	23	1	false	false	0	0	0.1	0.5	41	15	4	61	9	true	true	1	0	0	1	12	1	true	30	5	1	1	1	1	21	0	false	2	5	1	0	1	1	6	1	false	20	12	1	0	0	0	22	0	TRUE
4868	16159.87	11159.87	25.02213	1.31285	2.03165	3.82527	392	32.61	446	1	1	8	true	195	2.8	0.02	66	0.7	34	2	3.2	40	15	15	23	1	false	false	0	0	0.1	0.5	41	15	4	61	9	true	true	1	0	0	1	12	1	true	30	5	1	1	1	1	21	0	false	2	5	1	0	1	1	17	0	false	4	4	1	1	1	0	22	0	TRUE
4237	16159.87	11159.87	25.02213	1.31285	2.03165	3.82527	392	32.61	446	1	1	8	true	195	2.8	0.02	66	0.7	34	2	3.2	40	15	15	23	1	false	false	0	0	0.1	0.5	41	15	4	61	9	true	true	1	0	0	1	12	1	true	30	5	1	1	1	1	21	0	false	2	5	1	0	1	1	10	1	false	4	4	1	1	1	0	22	0	TRUE
5102	15983.53	10983.53	30.00965	1.35985	1.90330	5.06417	382	32.00	366	0	0	15	true	120	3	0.68	83	1.5	10	3.4	2.5	42	5	35	27	1	false	false	0	1	0.7	0.2	5	95	1.9	82	10	true	true	0	1	0	1	4	1	true	30	5	1	1	1	1	21	0	false	2	5	1	1	1	1	5	1	false	16385	2	0	1	0	0	22	0	TRUE
5056	15983.53	10983.53	30.00965	1.35985	1.90330	5.06417	382	32.00	366	0	0	15	true	120	3	0.68	83	1.5	10	3.4	2.5	42	5	35	27	1	false	false	0	1	0.7	0.2	5	95	1.9	82	10	true	true	0	1	0	1	4	1	true	30	5	1	1	1	1	21	0	false	2	5	1	1	0	1	21	1	false	4	4	1	1	1	0	22	0	TRUE
1927	15983.53	10983.53	30.00965	1.35985	1.90330	5.06417	382	32.00	366	0	0	15	true	120	3	0.68	83	1.5	10	3.4	2.5	42	5	35	27	1	false	false	0	1	0.7	0.2	5	95	1.9	82	10	true	true	0	1	0	1	4	1	true	30	5	1	1	1	1	21	0	false	2	5	1	1	1	1	10	1	false	4	4	1	1	1	0	22	0	TRUE
5227	15983.35	10983.35	23.62011	1.39801	2.63177	3.57464	394	31.39	465	0	1	18	true	7	2.6	0.93	69	3	85	3.4	3	22	15	15	23	1	false	false	0	0	0.1	0.5	41	15	4	61	9	true	true	1	0	0	1	12	1	true	30	5	1	1	1	1	21	0	false	2	5	1	0	1	1	10	1	false	4	4	1	1	1	0	22	0	TRUE
6504	15724.44	10724.44	24.59734	1.39555	1.76799	6.25473	391	42.98	436	0	0	12	true	14	2.3	1.57	61	0.7	34	1.5	2.6	18	5	5	50	0	false	false	2	1	0.4	0.7	26	85	4.3	85	6	true	false	1	1	0	1	22	0	true	2	5	1	1	1	1	23	0	true	10	15	1	1	1	0	13	1	false	0	12	0	1	0	0	9	1	TRUE
5067	15565.27	10565.27	22.81916	1.39043	2.58533	3.49875	394	31.48	463	0	1	18	true	198	1.5	0.91	69	3	85	3.4	3	22	15	15	23	1	false	false	0	0	0.1	0.5	41	15	4	61	9	true	true	1	0	0	1	12	1	true	30	5	1	1	1	1	21	0	false	2	5	1	0	1	1	3	1	false	16385	2	1	1	1	0	22	0	TRUE
4420	15565.27	10565.27	22.81916	1.39043	2.58533	3.49875	394	31.48	463	0	1	18	true	198	1.5	0.91	69	3	85	3.4	3	22	15	15	23	1	false	false	0	0	0.1	0.5	41	15	4	61	9	true	true	1	0	0	1	12	1	true	30	5	1	1	1	1	21	0	false	2	5	1	0	1	1	10	1	false	4	4	1	1	1	0	22	0	TRUE
4300	15565.27	10565.27	22.81916	1.39043	2.58533	3.49875	394	31.48	463	0	1	18	true	198	3	0.91	69	3	85	3.4	3	22	15	15	23	1	false	false	0	0	0.1	0.5	41	15	4	61	9	true	true	1	0	0	1	12	1	true	30	5	1	1	1	1	21	0	false	2	5	1	0	1	0	22	1	false	2	4	1	1	1	0	22	0	TRUE
2149	15565.27	10565.27	22.81916	1.39043	2.58533	3.49875	394	31.48	463	0	1	18	true	198	3	0.91	69	3	85	3.4	3	22	15	15	23	1	false	false	0	0	0.1	0.5	41	15	4	61	9	true	true	1	0	0	1	12	1	true	30	5	1	1	1	1	21	0	false	2	5	1	0	1	1	10	1	false	4	4	1	1	1	0	22	0	TRUE
1906	15443.22	10443.22	34.46607	1.45925	1.89696	0.66532	361	37.55	303	1	1	2	true	134	3.1	1.8	85	1.7	95	1.9	3.5	56	40	35	17	1	true	true	2	1	0.4	0.8	45	55	1.2	76	7	true	false	1	1	0	0	17	0	false	2	12	0	0	1	1	8	0	true	16385	3	1	1	1	0	14	0	true	15	3	0	1	0	0	16	1	TRUE
8306	15004.50	10004.50	23.05184	1.35386	1.27063	6.30071	390	40.04	434	0	0	12	true	123	1.8	1.34	99	0.8	47	1.5	2.6	18	5	5	50	0	false	false	2	1	0.4	0.7	24	85	4.3	85	6	true	false	1	1	0	1	22	0	true	2	5	1	1	1	1	23	0	true	16385	15	1	1	1	0	13	1	false	0	12	0	1	0	0	9	1	TRUE
5287	14867.33	9867.33	26.52508	1.32482	1.67366	4.66794	382	33.30	372	0	0	15	true	120	3	0.52	87	1.5	10	3.4	2.5	42	5	35	27	1	false	false	0	1	0.7	0.2	5	95	1.9	82	10	true	true	0	1	0	1	4	1	true	30	5	1	1	1	1	21	0	false	2	5	1	1	1	1	10	1	false	4	4	1	1	1	0	22	0	TRUE
4602	14759.07	9759.07	21.12353	1.38174	2.26034	3.31567	394	34.12	462	0	1	18	true	54	1.4	1.35	70	3	85	3.4	3	22	15	15	23	1	false	false	0	0	0.1	0.5	41	15	4	61	9	true	true	1	0	0	1	12	1	true	30	5	1	1	1	1	21	0	false	2	5	1	0	1	1	10	1	false	4	4	1	1	1	0	22	0	TRUE
2815	14751.16	9751.16	21.10641	1.38131	2.25695	3.31346	394	34.13	462	0	1	18	true	198	1.5	1.34	67	3	85	3.4	3	22	15	15	23	1	false	false	0	0	0.1	0.5	41	15	4	61	9	true	true	1	0	0	1	12	1	true	30	5	1	1	1	1	21	0	false	2	5	1	0	1	1	10	1	false	4	4	1	1	1	0	22	0	TRUE
4862	14720.17	9720.17	20.90359	1.38300	2.27162	3.27779	394	33.96	465	0	1	18	true	54	2.9	1.59	68	3	85	3.4	3	22	15	15	23	1	false	false	0	0	0.1	0.5	41	15	4	61	9	true	true	1	0	0	1	12	1	true	30	5	1	1	1	1	21	0	false	2	5	1	0	1	1	10	1	false	4	4	1	1	1	0	22	0	TRUE
4620	14662.45	9662.45	20.91439	1.35530	2.36436	3.33700	394	31.43	462	0	1	18	true	198	3	0.9	71	3	85	3.4	3	22	15	15	23	1	false	false	0	0	0.1	0.5	41	15	4	61	9	true	true	1	0	0	1	12	1	true	30	5	1	1	1	1	21	0	false	2	5	1	0	1	1	10	1	false	4	4	1	1	1	0	22	0	TRUE
3137	14613.30	9613.30	20.67376	1.38046	2.26175	3.27952	394	33.92	465	0	1	18	true	198	2.7	1.66	70	3	85	3.4	3	22	15	15	23	1	false	false	0	0	0.1	0.5	41	15	4	61	9	true	true	1	0	0	1	12	1	true	30	5	1	1	1	1	21	0	false	2	5	1	0	1	1	10	1	false	4	4	1	1	1	0	22	0	TRUE
7727	14357.46	9357.46	21.02800	1.43081	1.92502	9.50983	392	29.68	445	1	0	11	true	124	1.8	1.33	62	0.5	20	1.5	1.8	58	5	5	50	0	false	false	2	1	0.4	0.7	26	85	4.3	85	6	true	false	1	1	0	1	22	0	true	2	5	1	1	1	1	23	0	true	16385	15	1	1	1	1	3	1	false	16385	2	1	1	1	0	22	0	TRUE
6671	14127.25	9127.25	20.60327	1.42294	1.83913	9.37192	391	30.45	443	1	0	11	true	124	1.8	1.34	59	0.5	20	1.5	1.8	58	5	5	50	0	false	false	2	1	0.4	0.7	26	85	4.3	85	6	true	false	1	1	0	1	22	0	true	2	5	1	1	1	1	23	0	true	16385	15	1	1	1	0	13	1	false	0	12	0	1	0	0	9	1	TRUE
4869	14094.71	9094.71	24.91701	1.34340	1.80510	5.42956	381	31.51	365	1	0	11	true	124	2.7	0.91	85	1.5	20	1.5	1.8	58	5	35	27	1	false	false	0	1	0.7	0.2	5	95	1.9	82	10	true	true	0	1	0	1	4	1	true	30	5	1	1	1	1	21	0	false	2	5	1	1	1	1	10	1	false	4	4	1	1	1	0	22	0	TRUE
6409	14047.78	9047.78	20.33209	1.34719	1.54686	5.62163	392	43.45	445	0	0	12	true	107	2.8	1.66	59	0.7	34	1.9	2.6	18	5	5	50	0	false	false	2	1	0.4	0.7	10	25	2.9	31	6	true	false	1	1	0	1	22	0	true	2	5	1	1	1	1	23	0	true	10	1	1	1	1	1	10	1	false	30	0	0	1	0	1	23	1	TRUE
1315	13910.57	8910.57	19.16252	1.36064	2.56515	3.65348	394	29.38	465	0	1	6	true	195	1.7	1.16	71	3	85	3.4	3	60	15	15	23	1	false	false	0	0	0.1	0.5	41	15	4	61	9	true	true	1	0	0	1	12	1	true	30	5	1	1	1	1	21	0	false	2	5	1	0	1	1	10	1	false	4	4	1	1	1	0	22	0	TRUE
4277	13845.03	8845.03	28.62469	1.47239	1.76942	0.57967	363	40.73	309	0	1	12	true	80	2.9	1.59	70	1.1	21	3.5	2.4	40	40	35	17	1	true	true	2	1	0.4	0.7	43	55	1.2	76	7	true	false	1	1	0	0	17	0	false	2	12	0	0	1	1	8	0	true	16385	3	1	1	1	0	14	0	true	15	3	0	1	0	0	16	1	TRUE
2992	13796.40	8796.40	27.40312	1.40223	1.79853	0.67296	367	38.66	321	1	1	23	true	130	2	0.77	84	1.7	47	1	4.5	38	40	35	17	1	true	true	2	1	0.4	0.8	45	55	1.2	76	7	true	false	1	1	0	0	17	0	false	2	12	0	0	1	1	8	0	true	16385	3	1	1	1	0	14	0	true	15	3	0	1	0	0	16	1	TRUE
4514	13667.23	8667.23	18.88285	1.30747	2.03117	3.07677	393	31.94	459	0	1	18	true	198	2.8	0.02	66	3	85	3.4	3	22	15	15	23	1	false	false	0	0	0.1	0.5	41	15	4	61	9	true	true	1	0	0	1	12	1	true	30	5	1	1	1	1	21	0	false	2	5	1	0	1	1	10	1	false	4	4	1	1	1	0	22	0	TRUE
4972	13664.13	8664.13	18.75353	1.32118	2.14573	3.14160	394	31.46	462	0	1	18	true	198	1.5	0.75	67	3	85	3.4	3	22	15	15	23	1	false	false	0	0	0.1	0.5	41	15	4	61	9	true	true	1	0	0	1	12	1	true	30	5	1	1	1	1	21	0	false	2	5	1	0	1	1	10	1	false	4	4	1	1	1	0	22	0	TRUE
4260	13628.02	8628.02	18.63503	1.35158	2.54766	3.64201	394	29.36	463	0	1	6	true	195	1.7	1	71	3	85	3.4	3	60	15	15	23	1	false	false	0	0	0.1	0.5	41	15	4	61	9	true	true	1	0	0	1	12	1	true	30	5	1	1	1	1	21	0	false	2	5	1	0	1	1	10	1	false	4	4	1	1	1	0	22	0	TRUE
5268	13603.06	8603.06	27.13899	1.40442	1.79301	0.66719	365	38.82	317	1	1	2	true	118	2	0.77	84	1.7	95	1.9	3.5	56	40	35	17	1	true	true	2	1	0.4	0.8	45	55	1.2	76	7	true	false	1	1	0	0	17	0	false	2	12	0	0	1	1	8	0	true	16385	3	1	1	1	0	14	0	true	15	3	0	1	0	0	16	1	TRUE
4978	13534.57	8534.57	26.02003	1.35767	1.33520	0.62654	369	44.04	328	0	1	8	true	195	2.8	0.02	18	2.3	58	2.8	1.8	48	40	35	17	1	true	true	2	1	0.4	0.5	46	55	1.2	76	7	true	false	1	1	0	0	17	0	false	2	12	0	0	1	1	8	0	true	16385	3	1	1	1	0	14	0	true	15	3	0	1	0	0	16	1	TRUE
3829	13534.57	8534.57	26.02003	1.35767	1.33520	0.62654	369	44.04	328	0	1	8	true	195	2.8	0.02	18	2.3	58	2.8	1.8	48	40	35	17	1	true	true	2	1	0.4	0.8	46	55	1.2	76	7	true	false	1	1	0	0	17	0	false	2	12	0	0	1	1	8	0	true	16385	3	1	1	1	0	14	0	true	15	3	0	1	0	0	16	1	TRUE
4835	13387.52	8387.52	26.29317	1.39058	1.60985	0.66021	366	41.08	319	0	1	15	true	139	2.6	0.69	85	1.7	95	1.9	4.6	44	40	35	17	1	true	true	2	1	0.4	0.8	45	55	1.2	76	7	true	false	1	1	0	0	17	0	false	2	12	0	0	1	1	8	0	true	16385	3	1	1	1	0	14	0	true	15	3	0	1	0	0	16	1	TRUE
3740	13384.35	8384.35	26.28323	1.39037	1.60924	0.66022	366	41.08	319	0	1	15	true	139	2.6	0.69	81	1.7	95	1.9	4.6	44	40	35	17	1	true	true	2	1	0.4	0.8	45	55	1.2	76	7	true	false	1	1	0	0	17	0	false	2	12	0	0	1	1	8	0	true	16385	3	1	1	1	0	14	0	true	15	3	0	1	0	0	16	1	TRUE
5209	13089.46	8089.46	21.92266	1.37605	2.21024	4.39370	377	31.03	369	1	0	11	true	124	1.8	1.33	67	0.7	34	2	3.2	58	15	15	23	1	false	false	0	0	0.1	0.5	41	15	4	61	9	true	true	1	0	0	1	12	1	true	30	5	1	1	1	1	21	0	false	2	5	1	0	1	1	10	1	false	4	4	1	1	1	0	22	0	TRUE
4964	12860.46	7860.46	16.94065	1.32991	2.10125	2.92356	394	33.33	464	0	1	18	true	198	3	1.8	69	3	85	3.4	3	22	15	15	23	1	false	false	0	0	0.1	0.5	41	15	4	61	9	true	true	1	0	0	1	12	1	true	30	5	1	1	1	1	21	0	false	2	5	1	0	1	1	10	1	false	4	4	1	1	1	0	22	0	TRUE
3144	12860.46	7860.46	16.94065	1.32991	2.10125	2.92356	394	33.33	464	0	1	15	true	120	3	1.8	69	3	85	3.4	3	22	15	15	23	1	false	false	0	0	0.1	0.5	41	15	4	61	9	true	true	1	0	0	1	12	1	true	30	5	1	1	1	1	21	0	false	2	5	1	0	1	1	10	1	false	4	4	1	1	1	0	22	0	TRUE
4580	12696.50	7696.50	21.99000	1.36177	1.86213	1.68624	344	29.30	350	1	0	8	true	19	1.3	1.35	91	1.7	64	1.4	3.9	72	25	50	13	1	true	true	2	0	0.5	0.7	44	80	4.3	31	8	false	true	0	0	1	1	2	1	true	3	20	1	1	0	1	20	0	false	30	5	1	0	0	1	9	0	true	16385	16385	0	1	0	0	15	1	TRUE
2818	12696.50	7696.50	21.99000	1.36177	1.86213	1.68624	344	29.30	350	1	0	8	true	19	1.3	1.35	91	1.7	64	1.4	3.9	72	25	50	13	1	true	true	2	0	0.5	0.7	44	80	4.3	31	8	false	true	0	0	1	1	2	1	true	3	20	1	1	0	1	20	0	false	30	5	1	0	1	1	21	0	false	30	10	0	0	0	0	15	1	TRUE
7350	12660.00	7660.00	17.13647	1.37445	1.71571	8.68233	392	30.06	447	1	0	11	true	124	1.8	1.33	62	0.7	34	2	1.8	58	5	5	50	0	false	false	2	1	0.4	0.7	26	85	4.3	85	6	true	false	1	1	0	1	22	0	true	2	5	1	1	1	1	23	0	true	16385	15	1	1	1	0	13	1	false	0	12	0	1	0	0	9	1	TRUE
4483	12637.80	7637.80	16.42538	1.32151	2.00745	3.22497	394	33.14	465	0	1	20	true	17	2.3	1.57	69	3	85	3.4	3	54	15	15	23	1	false	false	0	0	0.1	0.5	41	15	4	61	9	true	true	1	0	0	1	12	1	true	30	5	1	1	1	1	21	0	false	2	5	1	0	1	1	10	1	false	4	4	1	1	1	0	22	0	TRUE
2942	12633.88	7633.88	16.41695	1.32146	2.00734	3.22374	394	33.14	465	0	1	20	true	17	2.3	1.57	68	3	85	3.4	3	54	15	15	23	1	false	false	0	0	0.1	0.5	41	15	4	61	9	true	true	1	0	0	1	12	1	true	30	5	1	1	1	1	21	0	false	2	5	1	0	1	1	10	1	false	4	4	1	1	1	0	22	0	TRUE
